"Origin Movement ID","Origin Display Name","Destination Movement ID","Destination Display Name","Date Range","Mean Travel Time (Seconds)","Range - Lower Bound Travel Time (Seconds)","Range - Upper Bound Travel Time (Seconds)"
"89","0 Museum Road, Shanthala Nagar, Ashok Nagar, Bengaluru","1","Unnamed Road, Bengaluru","1/1/2018 - 1/31/2018, Every day, Daily Average",2600,1885,3585
"89","0 Museum Road, Shanthala Nagar, Ashok Nagar, Bengaluru","2","9th Cross Bhel Layout, Adityanagar, Vidyaranyapura, Bengaluru","1/1/2018 - 1/31/2018, Every day, Daily Average",2586,1869,3576
"89","0 Museum Road, Shanthala Nagar, Ashok Nagar, Bengaluru","3","15th A Cross Road, Yelahanka Satellite Town, Yelahanka, Bengaluru","1/1/2018 - 1/31/2018, Every day, Daily Average",2362,1659,3361
"89","0 Museum Road, Shanthala Nagar, Ashok Nagar, Bengaluru","4","SP Naidu Layout 4th Cross Street, SP Naidu Layout, Dooravani Nagar, Bengaluru","1/1/2018 - 1/31/2018, Every day, Daily Average",1965,1316,2933
"89","0 Museum Road, Shanthala Nagar, Ashok Nagar, Bengaluru","5","Medahalli Kadugodi Road, Bharathi Nagar, Krishnarajapura, Bengaluru","1/1/2018 - 1/31/2018, Every day, Daily Average",2272,1514,3407
"89","0 Museum Road, Shanthala Nagar, Ashok Nagar, Bengaluru","6","0 Kodigehalli Main Road, Kodigehalli, Krishnarajapura, Bengaluru","1/1/2018 - 1/31/2018, Every day, Daily Average",2758,1887,4030
"89","0 Museum Road, Shanthala Nagar, Ashok Nagar, Bengaluru","7","Justice Bheemiah Layout 1st Main Road, Roshan Nagar, Krishnarajapura, Bengaluru","1/1/2018 - 1/31/2018, Every day, Daily Average",2029,1341,3069
"89","0 Museum Road, Shanthala Nagar, Ashok Nagar, Bengaluru","8","100 2nd Cross Road, A Narayanapura, Mottappa Compound, Udaya Nagar, Mahadevapura, Bengaluru","1/1/2018 - 1/31/2018, Every day, Daily Average",1671,1075,2595
"89","0 Museum Road, Shanthala Nagar, Ashok Nagar, Bengaluru","9","Ranganatha Layout, Ranganatha Layout, Mahadevapura, Bengaluru","1/1/2018 - 1/31/2018, Every day, Daily Average",2007,1342,2999
"89","0 Museum Road, Shanthala Nagar, Ashok Nagar, Bengaluru","10","HAL Old Airport Road, HAL Airport Area, HAL, Bengaluru","1/1/2018 - 1/31/2018, Every day, Daily Average",1400,921,2126
"89","0 Museum Road, Shanthala Nagar, Ashok Nagar, Bengaluru","11","Vidyaranyapura Road, Bengaluru","1/1/2018 - 1/31/2018, Every day, Daily Average",2216,1552,3163
"89","0 Museum Road, Shanthala Nagar, Ashok Nagar, Bengaluru","12","5th Main Singapura Layout, Bengaluru","1/1/2018 - 1/31/2018, Every day, Daily Average",2564,1849,3555
"89","0 Museum Road, Shanthala Nagar, Ashok Nagar, Bengaluru","13","0 8th Cross Road, Yelahanka, Bengaluru","1/1/2018 - 1/31/2018, Every day, Daily Average",1928,1317,2820
"89","0 Museum Road, Shanthala Nagar, Ashok Nagar, Bengaluru","14","Manyata Tech Park Road, Manyata Residency, Manayata Tech Park, Thanisandra, Bengaluru","1/1/2018 - 1/31/2018, Every day, Daily Average",2303,1655,3204
"89","0 Museum Road, Shanthala Nagar, Ashok Nagar, Bengaluru","15","0 Amruthahalli Main Road, Talacauvery Layout, Sharada Nagar, Sneha Nagar, Byatarayanapura, Bengaluru","1/1/2018 - 1/31/2018, Every day, Daily Average",1670,1079,2583
"89","0 Museum Road, Shanthala Nagar, Ashok Nagar, Bengaluru","16","Gulmohar Residency, 6th A Cross Road, Bhadrappa Layout, Koti Hosahalli, Bengaluru","1/1/2018 - 1/31/2018, Every day, Daily Average",1587,999,2519
"89","0 Museum Road, Shanthala Nagar, Ashok Nagar, Bengaluru","17","GKVK Road, Vignana Kendra, Bengaluru","1/1/2018 - 1/31/2018, Every day, Daily Average",2599,1879,3594
"89","0 Museum Road, Shanthala Nagar, Ashok Nagar, Bengaluru","18","1188, Sir M Vishweshwaraiah Layout 6th Block, Vishveshwaraya Nagar, Bengaluru","1/1/2018 - 1/31/2018, Every day, Daily Average",2500,1794,3482
"89","0 Museum Road, Shanthala Nagar, Ashok Nagar, Bengaluru","19","3rd Cross Road, Stage II, Kengeri Satellite Town, Bengaluru","1/1/2018 - 1/31/2018, Every day, Daily Average",2439,1752,3393
"89","0 Museum Road, Shanthala Nagar, Ashok Nagar, Bengaluru","20","0 Thigalarapalya Main Road, Peenya 2nd Stage, Vaddarapalya, Ragavendra Industrial Estate, Karihobanahalli","1/1/2018 - 1/31/2018, Every day, Daily Average",3036,2270,4060
"89","0 Museum Road, Shanthala Nagar, Ashok Nagar, Bengaluru","21","Magadi Main Road, BEL Layout, 1st Stage, Bharat Nagar, Bengaluru","1/1/2018 - 1/31/2018, Every day, Daily Average",2689,1924,3757
"89","0 Museum Road, Shanthala Nagar, Ashok Nagar, Bengaluru","22","Tata Aquila Heights, HMT Estate, Jalahalli, Bengaluru","1/1/2018 - 1/31/2018, Every day, Daily Average",2287,1602,3262
"89","0 Museum Road, Shanthala Nagar, Ashok Nagar, Bengaluru","23","300 43rd Main Road, Jawaregowda Nagar, Javarandoddi, RR Nagar, Bengaluru","1/1/2018 - 1/31/2018, Every day, Daily Average",1829,1276,2621
"89","0 Museum Road, Shanthala Nagar, Ashok Nagar, Bengaluru","24","0 7th D Main Road, Bandappa Garden, Mathikere, Bengaluru","1/1/2018 - 1/31/2018, Every day, Daily Average",2176,1522,3110
"89","0 Museum Road, Shanthala Nagar, Ashok Nagar, Bengaluru","25","0 4th Cross Road, H Gurumurthy ReddyColony, Yeshwanthpur, Bengaluru","1/1/2018 - 1/31/2018, Every day, Daily Average",1877,1281,2749
"89","0 Museum Road, Shanthala Nagar, Ashok Nagar, Bengaluru","26","700 Ashwath Katte Road, Yeshwanthpur Suburb II Stage, Peenya, Peenya, Bengaluru","1/1/2018 - 1/31/2018, Every day, Daily Average",2116,1443,3102
"89","0 Museum Road, Shanthala Nagar, Ashok Nagar, Bengaluru","27","Ramanjaneya Temple Road, Jenakal Siddeswara Nagar, Nandini Layout, Bengaluru","1/1/2018 - 1/31/2018, Every day, Daily Average",2089,1389,3141
"89","0 Museum Road, Shanthala Nagar, Ashok Nagar, Bengaluru","28","0 17th Main Road, Narasimhaswamy Nagar, Laggere, Bengaluru","1/1/2018 - 1/31/2018, Every day, Daily Average",2559,1827,3582
"89","0 Museum Road, Shanthala Nagar, Ashok Nagar, Bengaluru","29","Service Road, Papreddy Palya, 2nd Stage, Nagarbhavi, Bengaluru","1/1/2018 - 1/31/2018, Every day, Daily Average",2141,1509,3037
"89","0 Museum Road, Shanthala Nagar, Ashok Nagar, Bengaluru","30","Kammagondana Halli Road, Srikrupa Layout, Abbigere, Abbigere, Bengaluru","1/1/2018 - 1/31/2018, Every day, Daily Average",2774,2044,3763
"89","0 Museum Road, Shanthala Nagar, Ashok Nagar, Bengaluru","31","3rd Main, Shetty Halli, Jalahalli West, Bengaluru","1/1/2018 - 1/31/2018, Every day, Daily Average",2898,2142,3919
"89","0 Museum Road, Shanthala Nagar, Ashok Nagar, Bengaluru","32","Manjunath Nagar Main Road, Vijayalakshmi Layout, Manjunatha Nagar, Bagalakunte, Bengaluru","1/1/2018 - 1/31/2018, Every day, Daily Average",2843,1999,4042
"89","0 Museum Road, Shanthala Nagar, Ashok Nagar, Bengaluru","33","0 1st Cross Road, Kalahasti Nagar, Prashanth Nagar, T. Dasarahalli, Bengaluru","1/1/2018 - 1/31/2018, Every day, Daily Average",2670,1850,3853
"89","0 Museum Road, Shanthala Nagar, Ashok Nagar, Bengaluru","34","Andrahalli Main Road, Vidya Nagar, Peenya, Bengaluru","1/1/2018 - 1/31/2018, Every day, Daily Average",2739,1877,3994
"89","0 Museum Road, Shanthala Nagar, Ashok Nagar, Bengaluru","35","400 12th Cross Road, Peenya Industrial Area Phase IV, Peenya, Bengaluru","1/1/2018 - 1/31/2018, Every day, Daily Average",2794,2062,3785
"89","0 Museum Road, Shanthala Nagar, Ashok Nagar, Bengaluru","36","2nd Main Road, Rajagopala Nagar, Peenya, Bengaluru","1/1/2018 - 1/31/2018, Every day, Daily Average",2987,2276,3919
"89","0 Museum Road, Shanthala Nagar, Ashok Nagar, Bengaluru","37","6th Cross Road, Lakshman Nagar, State Bank of India Colony, Bengaluru","1/1/2018 - 1/31/2018, Every day, Daily Average",2761,2028,3758
"89","0 Museum Road, Shanthala Nagar, Ashok Nagar, Bengaluru","38","Sai Residency, Sannakki Bayalu, Vrishabha Nagar, Kamaksipalya, Bengaluru","1/1/2018 - 1/31/2018, Every day, Daily Average",2405,1578,3663
"89","0 Museum Road, Shanthala Nagar, Ashok Nagar, Bengaluru","39","0 5th Cross Road, Panchadeep Colony, Nandini Layout, Bengaluru","1/1/2018 - 1/31/2018, Every day, Daily Average",2396,1711,3354
"89","0 Museum Road, Shanthala Nagar, Ashok Nagar, Bengaluru","40","500 9th Cross, APMC Yard, Yeshwanthpur Industrial Suburb, Mahalakshmi Layout, Bengaluru","1/1/2018 - 1/31/2018, Every day, Daily Average",1846,1269,2683
"89","0 Museum Road, Shanthala Nagar, Ashok Nagar, Bengaluru","41","Samartha Infosolutions, 3rd Main Road, West of Chord Road 2nd Stage, Nagapura, Bengaluru","1/1/2018 - 1/31/2018, Every day, Daily Average",1965,1396,2763
"89","0 Museum Road, Shanthala Nagar, Ashok Nagar, Bengaluru","42","0 8th Cross Road, Satyanarayana Layout, Maruthi Nagar, Bengaluru","1/1/2018 - 1/31/2018, Every day, Daily Average",2111,1481,3007
"89","0 Museum Road, Shanthala Nagar, Ashok Nagar, Bengaluru","43","Olety Heritage, 15th Main Road, Maruthi Nagar, Basaweshwara Nagar, Bengaluru","1/1/2018 - 1/31/2018, Every day, Daily Average",2208,1568,3108
"89","0 Museum Road, Shanthala Nagar, Ashok Nagar, Bengaluru","44","100 18th Main Road, JC Nagar, Kurubarahalli, Basaweshwara Nagar, Bengaluru","1/1/2018 - 1/31/2018, Every day, Daily Average",2227,1548,3202
"89","0 Museum Road, Shanthala Nagar, Ashok Nagar, Bengaluru","45","94, RMV 2nd Stage, Ashwath Nagar, Armane Nagar, Bengaluru","1/1/2018 - 1/31/2018, Every day, Daily Average",1207,739,1969
"89","0 Museum Road, Shanthala Nagar, Ashok Nagar, Bengaluru","46","500 MD Rajsikhar Road, Gokula Extension, Mathikere Extension, Mathikere, Bengaluru","1/1/2018 - 1/31/2018, Every day, Daily Average",2174,1492,3166
"89","0 Museum Road, Shanthala Nagar, Ashok Nagar, Bengaluru","47","18, Malleshwaram West, Bengaluru","1/1/2018 - 1/31/2018, Every day, Daily Average",1626,1113,2374
"89","0 Museum Road, Shanthala Nagar, Ashok Nagar, Bengaluru","48","0 DB Street, M V Block, Guttahalli, Bengaluru","1/1/2018 - 1/31/2018, Every day, Daily Average",1027,614,1715
"89","0 Museum Road, Shanthala Nagar, Ashok Nagar, Bengaluru","49","49, Malleshwaram West, Bengaluru","1/1/2018 - 1/31/2018, Every day, Daily Average",1395,923,2108
"89","0 Museum Road, Shanthala Nagar, Ashok Nagar, Bengaluru","50","2500 1st Main Road, E block, 2nd Stage, Rajaji Nagar, Bengaluru","1/1/2018 - 1/31/2018, Every day, Daily Average",1759,1234,2507
"89","0 Museum Road, Shanthala Nagar, Ashok Nagar, Bengaluru","51","0 2nd Cross Road, Srirampura, Bengaluru","1/1/2018 - 1/31/2018, Every day, Daily Average",1606,1080,2387
"89","0 Museum Road, Shanthala Nagar, Ashok Nagar, Bengaluru","52","400 8th Cross Road, RMV 2nd Stage, Dollars Colony, R.M.V. 2nd Stage, Bengaluru","1/1/2018 - 1/31/2018, Every day, Daily Average",1927,1311,2830
"89","0 Museum Road, Shanthala Nagar, Ashok Nagar, Bengaluru","53","0 6th B Cross Road, RMV, Stage 2, Sanjaynagar, Bengaluru","1/1/2018 - 1/31/2018, Every day, Daily Average",1885,1286,2762
"89","0 Museum Road, Shanthala Nagar, Ashok Nagar, Bengaluru","54","Unnamed Road, Sanjaynagar, Bengaluru","1/1/2018 - 1/31/2018, Every day, Daily Average",1447,899,2326
"89","0 Museum Road, Shanthala Nagar, Ashok Nagar, Bengaluru","55","Siroya Environ, Chola Nagar, Anandnagar, Hebbal, Bengaluru","1/1/2018 - 1/31/2018, Every day, Daily Average",1437,901,2290
"89","0 Museum Road, Shanthala Nagar, Ashok Nagar, Bengaluru","56","Bhuwana Siri Apartments, 10th A Cross Road, Kanaka Nagar, Hebbal, Bengaluru","1/1/2018 - 1/31/2018, Every day, Daily Average",2046,1401,2987
"89","0 Museum Road, Shanthala Nagar, Ashok Nagar, Bengaluru","57","557, Dinnur, Hebbal, Bengaluru","1/1/2018 - 1/31/2018, Every day, Daily Average",1758,1185,2607
"89","0 Museum Road, Shanthala Nagar, Ashok Nagar, Bengaluru","58","Mandenda Nilayam, 5th Main Road, Ganga Nagar Extension, Ganga Nagar, Bengaluru","1/1/2018 - 1/31/2018, Every day, Daily Average",1345,830,2178
"89","0 Museum Road, Shanthala Nagar, Ashok Nagar, Bengaluru","59","300 14th Cross Road, 2nd Block, RT Nagar, Bengaluru","1/1/2018 - 1/31/2018, Every day, Daily Average",1444,954,2184
"89","0 Museum Road, Shanthala Nagar, Ashok Nagar, Bengaluru","60","400 Masjid Road, Kushal Nagar, Kadugondanahalli, Bengaluru","1/1/2018 - 1/31/2018, Every day, Daily Average",1779,1228,2575
"89","0 Museum Road, Shanthala Nagar, Ashok Nagar, Bengaluru","61","1085, Shampura, Kaval Bairasandra, Bengaluru","1/1/2018 - 1/31/2018, Every day, Daily Average",1895,1287,2789
"89","0 Museum Road, Shanthala Nagar, Ashok Nagar, Bengaluru","62","null4th Cross Road, Modi Garden, Kaval Bairasandra, Bengaluru","1/1/2018 - 1/31/2018, Every day, Daily Average",1594,1048,2422
"89","0 Museum Road, Shanthala Nagar, Ashok Nagar, Bengaluru","63","100 3rd Cross Road, Dubai Layout, Amar layout, Kaval Bairasandra, Bengaluru","1/1/2018 - 1/31/2018, Every day, Daily Average",1755,1223,2518
"89","0 Museum Road, Shanthala Nagar, Ashok Nagar, Bengaluru","64","0 Davis Road, Sagayapura, Richards Town, Bengaluru","1/1/2018 - 1/31/2018, Every day, Daily Average",1212,831,1766
"89","0 Museum Road, Shanthala Nagar, Ashok Nagar, Bengaluru","65","Masjid e Taqwa, S K Garden, Wahid Garden, Benson Town, Bengaluru","1/1/2018 - 1/31/2018, Every day, Daily Average",1400,975,2008
"89","0 Museum Road, Shanthala Nagar, Ashok Nagar, Bengaluru","66","0 Coles Road, Cleveland Town, Pulikeshi Nagar, Bengaluru","1/1/2018 - 1/31/2018, Every day, Daily Average",928,602,1429
"89","0 Museum Road, Shanthala Nagar, Ashok Nagar, Bengaluru","67","creative elegance, 2nd A Cross, Vyalikaval HBCS Layout, Nagavara, Bengaluru","1/1/2018 - 1/31/2018, Every day, Daily Average",2275,1644,3147
"89","0 Museum Road, Shanthala Nagar, Ashok Nagar, Bengaluru","68","SRI NILAYAM #574, 15th Main Road, 5th Block, Telecom Layout, HBR Layout, Bengaluru","1/1/2018 - 1/31/2018, Every day, Daily Average",1798,1232,2623
"89","0 Museum Road, Shanthala Nagar, Ashok Nagar, Bengaluru","69","800 2nd Cross Road, HRBR Layout 1st Block, HRBR Layout, Kalyan Nagar, Bengaluru","1/1/2018 - 1/31/2018, Every day, Daily Average",1793,1202,2673
"89","0 Museum Road, Shanthala Nagar, Ashok Nagar, Bengaluru","70","MM Buildings, Kammanahalli Main Road, Ramaswamipalya, Lingarajapuram, Bengaluru","1/1/2018 - 1/31/2018, Every day, Daily Average",1448,958,2187
"89","0 Museum Road, Shanthala Nagar, Ashok Nagar, Bengaluru","71","300 3rd Cross Road, Indra Nagar, Kacharakanahalli, Bengaluru","1/1/2018 - 1/31/2018, Every day, Daily Average",1651,1128,2415
"89","0 Museum Road, Shanthala Nagar, Ashok Nagar, Bengaluru","72","0 5th Cross Road, Vinobha Nagar, Kadugondanahalli, Bengaluru","1/1/2018 - 1/31/2018, Every day, Daily Average",1768,1215,2572
"89","0 Museum Road, Shanthala Nagar, Ashok Nagar, Bengaluru","73","0 Lokesh Tent Main Road, Lingarajapura Village, Lingarajapuram, Bengaluru","1/1/2018 - 1/31/2018, Every day, Daily Average",1401,968,2027
"89","0 Museum Road, Shanthala Nagar, Ashok Nagar, Bengaluru","74","Saijothi, 1st Cross Road, D Costa Layout, Cooke Town, Bengaluru","1/1/2018 - 1/31/2018, Every day, Daily Average",1218,828,1791
"89","0 Museum Road, Shanthala Nagar, Ashok Nagar, Bengaluru","75","Oxford Spires, Rustum Bagh Main Road, Rustam Bagh Layout, Bengaluru","1/1/2018 - 1/31/2018, Every day, Daily Average",977,640,1490
"89","0 Museum Road, Shanthala Nagar, Ashok Nagar, Bengaluru","76","0 1st Cross Road, Sadanandanagar, Bennigana Halli, Bengaluru","1/1/2018 - 1/31/2018, Every day, Daily Average",1380,885,2150
"89","0 Museum Road, Shanthala Nagar, Ashok Nagar, Bengaluru","77","C6/10, C6/10, 1st Phase, C V Raman Nagar, Bengaluru","1/1/2018 - 1/31/2018, Every day, Daily Average",1435,910,2261
"89","0 Museum Road, Shanthala Nagar, Ashok Nagar, Bengaluru","78","Lalit Residency, 1st Cross Street, HAL 3rd Stage, Bhoomi Reddy Colony, New Tippasandra, Bengaluru","1/1/2018 - 1/31/2018, Every day, Daily Average",1293,830,2013
"89","0 Museum Road, Shanthala Nagar, Ashok Nagar, Bengaluru","79","Saint Johns Church Cemetry Road, Kalhalli, Ulsoor, Bengaluru","1/1/2018 - 1/31/2018, Every day, Daily Average",913,567,1467
"89","0 Museum Road, Shanthala Nagar, Ashok Nagar, Bengaluru","80","25/6, Indira Nagar 1st Stage, Stage 1, Indiranagar, Bengaluru","1/1/2018 - 1/31/2018, Every day, Daily Average",933,570,1525
"89","0 Museum Road, Shanthala Nagar, Ashok Nagar, Bengaluru","81","Pavan Enclave, 16th B Main Road, HAL 2nd Stage, Kodihalli, Bengaluru","1/1/2018 - 1/31/2018, Every day, Daily Average",903,578,1410
"89","0 Museum Road, Shanthala Nagar, Ashok Nagar, Bengaluru","82","0 Doctor Ambedkar Veedhi, Ambedkar Veedhi, Sampangi Rama Nagar, Bengaluru","1/1/2018 - 1/31/2018, Every day, Daily Average",420,185,949
"89","0 Museum Road, Shanthala Nagar, Ashok Nagar, Bengaluru","83","0 3rd Cross Road, Munimarappa Garden, J.C.Nagar, Bengaluru","1/1/2018 - 1/31/2018, Every day, Daily Average",1464,999,2144
"89","0 Museum Road, Shanthala Nagar, Ashok Nagar, Bengaluru","84","1st Cross Road, Nandi Durga Road Extension, Jayamahal, Bengaluru","1/1/2018 - 1/31/2018, Every day, Daily Average",972,595,1585
"89","0 Museum Road, Shanthala Nagar, Ashok Nagar, Bengaluru","85","Kensington Road, Ulsoor, Bengaluru","1/1/2018 - 1/31/2018, Every day, Daily Average",393,149,1035
"89","0 Museum Road, Shanthala Nagar, Ashok Nagar, Bengaluru","86","0 Fruit Street Road, 1st Block, Bharati Nagar, Shivaji Nagar, Bengaluru","1/1/2018 - 1/31/2018, Every day, Daily Average",666,395,1122
"89","0 Museum Road, Shanthala Nagar, Ashok Nagar, Bengaluru","87","Barkat Manzil, Sulthangunta, Shivaji Nagar, Bengaluru","1/1/2018 - 1/31/2018, Every day, Daily Average",904,539,1516
"89","0 Museum Road, Shanthala Nagar, Ashok Nagar, Bengaluru","88","0 Sankey Road, Abshot Layout, Vasanth Nagar, Bengaluru","1/1/2018 - 1/31/2018, Every day, Daily Average",816,483,1378
"89","0 Museum Road, Shanthala Nagar, Ashok Nagar, Bengaluru","89","0 Museum Road, Shanthala Nagar, Ashok Nagar, Bengaluru","1/1/2018 - 1/31/2018, Every day, Daily Average",339,176,651
"89","0 Museum Road, Shanthala Nagar, Ashok Nagar, Bengaluru","90","0 12th Cross Road, HAL 2nd Stage, Doopanahalli, Indiranagar, Bengaluru","1/1/2018 - 1/31/2018, Every day, Daily Average",758,473,1214
"89","0 Museum Road, Shanthala Nagar, Ashok Nagar, Bengaluru","91","Intermediate Ring Road, Ejipura, Bengaluru","1/1/2018 - 1/31/2018, Every day, Daily Average",609,248,1495
"89","0 Museum Road, Shanthala Nagar, Ashok Nagar, Bengaluru","92","100 Lower Agaram Road, Rose Garden, Vannarpet Layout, Viveka Nagar, Bengaluru","1/1/2018 - 1/31/2018, Every day, Daily Average",588,338,1021
"89","0 Museum Road, Shanthala Nagar, Ashok Nagar, Bengaluru","93","Rose Garden 7th A Cross, Rose Garden, Richard Xavier's colony, Neelasandra, Bengaluru","1/1/2018 - 1/31/2018, Every day, Daily Average",605,363,1005
"89","0 Museum Road, Shanthala Nagar, Ashok Nagar, Bengaluru","94","0 Hosur Road, Langford Town, Shanti Nagar, Bengaluru","1/1/2018 - 1/31/2018, Every day, Daily Average",340,129,894
"89","0 Museum Road, Shanthala Nagar, Ashok Nagar, Bengaluru","95","0 4th Main Road, Lingayana Palya, Jogupalya, Bengaluru","1/1/2018 - 1/31/2018, Every day, Daily Average",722,410,1268
"89","0 Museum Road, Shanthala Nagar, Ashok Nagar, Bengaluru","96","0 DK Lane, Anchepet, Chickpet, Bengaluru","1/1/2018 - 1/31/2018, Every day, Daily Average",681,402,1152
"89","0 Museum Road, Shanthala Nagar, Ashok Nagar, Bengaluru","97","200 12th Main Road, Keshava Nagar, Binnipete, Bengaluru","1/1/2018 - 1/31/2018, Every day, Daily Average",1418,934,2151
"89","0 Museum Road, Shanthala Nagar, Ashok Nagar, Bengaluru","98","0 5th A Cross Road, Mariyappanapalya, Binnipete, Bengaluru","1/1/2018 - 1/31/2018, Every day, Daily Average",1485,1001,2201
"89","0 Museum Road, Shanthala Nagar, Ashok Nagar, Bengaluru","99","U/65/1, Malleshwaram West, Bengaluru","1/1/2018 - 1/31/2018, Every day, Daily Average",1413,952,2095
"89","0 Museum Road, Shanthala Nagar, Ashok Nagar, Bengaluru","100","24, RK Puram, Gandhi Nagar, Bengaluru","1/1/2018 - 1/31/2018, Every day, Daily Average",870,539,1404
"89","0 Museum Road, Shanthala Nagar, Ashok Nagar, Bengaluru","101","Bangalore City Junction Railway, M.G. Railway Colony, Sevashrama, Bengaluru","1/1/2018 - 1/31/2018, Every day, Daily Average",1154,733,1815
"89","0 Museum Road, Shanthala Nagar, Ashok Nagar, Bengaluru","102","0 3rd Cross Road, 4N Block, Ramchandrapuram, Srirampura, Bengaluru","1/1/2018 - 1/31/2018, Every day, Daily Average",1371,911,2061
"89","0 Museum Road, Shanthala Nagar, Ashok Nagar, Bengaluru","103","22/A, West Of Chord Road, 3rd Stage, Basaveshwar Nagar, Bengaluru","1/1/2018 - 1/31/2018, Every day, Daily Average",1953,1337,2850
"89","0 Museum Road, Shanthala Nagar, Ashok Nagar, Bengaluru","104","0 4th Main Road, KHB Colony, Basaveshwar Nagar, Bengaluru","1/1/2018 - 1/31/2018, Every day, Daily Average",2216,1515,3240
"89","0 Museum Road, Shanthala Nagar, Ashok Nagar, Bengaluru","105","Umamaheshwara Niwas, Bovi Colony, Basaveshwar Nagar, Bengaluru","1/1/2018 - 1/31/2018, Every day, Daily Average",1715,1170,2512
"89","0 Museum Road, Shanthala Nagar, Ashok Nagar, Bengaluru","106","0 6th Cross Road, 4th M Block, Manjunath Nagar, Rajaji Nagar, Bengaluru","1/1/2018 - 1/31/2018, Every day, Daily Average",1506,1013,2237
"89","0 Museum Road, Shanthala Nagar, Ashok Nagar, Bengaluru","107","1400 6th Cross Road, Bashyam Nagar, Dayananda Nagar, Rajaji Nagar, Bengaluru","1/1/2018 - 1/31/2018, Every day, Daily Average",1583,1061,2360
"89","0 Museum Road, Shanthala Nagar, Ashok Nagar, Bengaluru","108","G/10, Mariappanapalya, Rajaji Nagar, Bengaluru","1/1/2018 - 1/31/2018, Every day, Daily Average",1511,1008,2263
"89","0 Museum Road, Shanthala Nagar, Ashok Nagar, Bengaluru","109","0 12th Main Road, 2nd Block, Basaveshwar Nagar, Bengaluru","1/1/2018 - 1/31/2018, Every day, Daily Average",1886,1280,2778
"89","0 Museum Road, Shanthala Nagar, Ashok Nagar, Bengaluru","110","400 13th Cross Road, Govindaraja Nagar Ward, Cauvery Nagar, Vijaya Nagar, Bengaluru","1/1/2018 - 1/31/2018, Every day, Daily Average",2274,1597,3235
"89","0 Museum Road, Shanthala Nagar, Ashok Nagar, Bengaluru","111","1700 5th Main Road, Govindaraja Nagar Ward, Govindarajanagar, Vijaya Nagar, Bengaluru","1/1/2018 - 1/31/2018, Every day, Daily Average",2035,1431,2892
"89","0 Museum Road, Shanthala Nagar, Ashok Nagar, Bengaluru","112","0 17th A Cross Road, Agrahara Dasarahalli, Rajaji Nagar, Bengaluru","1/1/2018 - 1/31/2018, Every day, Daily Average",1945,1337,2828
"89","0 Museum Road, Shanthala Nagar, Ashok Nagar, Bengaluru","113","Colorado, Rajaji Nagar Industrial Town, Rajaji Nagar, Bengaluru","1/1/2018 - 1/31/2018, Every day, Daily Average",1785,1216,2618
"89","0 Museum Road, Shanthala Nagar, Ashok Nagar, Bengaluru","114","0 16th Main Road, CHBS Layout, Stage 2, Vijaya Nagar, Bengaluru","1/1/2018 - 1/31/2018, Every day, Daily Average",1951,1375,2767
"89","0 Museum Road, Shanthala Nagar, Ashok Nagar, Bengaluru","115","200 6th Cross Road, Govindaraja Nagar Ward, GKW Layout, Vijaya Nagar, Bengaluru","1/1/2018 - 1/31/2018, Every day, Daily Average",1853,1296,2649
"89","0 Museum Road, Shanthala Nagar, Ashok Nagar, Bengaluru","116","0 Manjunatha Talkies Road, Sanjivini Nagara, Govindarajanagar, Vijaya Nagar, Bengaluru","1/1/2018 - 1/31/2018, Every day, Daily Average",2081,1479,2927
"89","0 Museum Road, Shanthala Nagar, Ashok Nagar, Bengaluru","117","1600 14th Cross Road, Nagarbhavi 1st Stage, BDA Lay Out, Chandra Layout, Bengaluru","1/1/2018 - 1/31/2018, Every day, Daily Average",1803,1262,2575
"89","0 Museum Road, Shanthala Nagar, Ashok Nagar, Bengaluru","118","0 Nayandahalli Main Road, Vinayaka Extension, Nayanda Halli, Bengaluru","1/1/2018 - 1/31/2018, Every day, Daily Average",1696,1179,2438
"89","0 Museum Road, Shanthala Nagar, Ashok Nagar, Bengaluru","119","0 5th Main Road, Kempapura Agrahara, Bengaluru","1/1/2018 - 1/31/2018, Every day, Daily Average",1651,1100,2477
"89","0 Museum Road, Shanthala Nagar, Ashok Nagar, Bengaluru","120","1100 2nd Main Road, Hoshalli Extension, Stage 1, Vijaya Nagar, Bengaluru","1/1/2018 - 1/31/2018, Every day, Daily Average",1771,1221,2566
"89","0 Museum Road, Shanthala Nagar, Ashok Nagar, Bengaluru","121","2300 9th Cross Road, Hampi Nagar, Stage 1, Vijaya Nagar, Bengaluru","1/1/2018 - 1/31/2018, Every day, Daily Average",1651,1128,2415
"89","0 Museum Road, Shanthala Nagar, Ashok Nagar, Bengaluru","122","0 2nd Cross Road, Basaveshawara HBCS Layout 2nd Stage, Chandra Layout, Attiguppe, Bengaluru","1/1/2018 - 1/31/2018, Every day, Daily Average",1659,1130,2433
"89","0 Museum Road, Shanthala Nagar, Ashok Nagar, Bengaluru","123","400 4th Cross Road, Vijaya Nagar II Stage, Vijaya Nagar, Bengaluru","1/1/2018 - 1/31/2018, Every day, Daily Average",1414,956,2089
"89","0 Museum Road, Shanthala Nagar, Ashok Nagar, Bengaluru","124","0 F Street, New Guddadahalli, Bapuji Nagar, Bengaluru","1/1/2018 - 1/31/2018, Every day, Daily Average",1156,779,1714
"89","0 Museum Road, Shanthala Nagar, Ashok Nagar, Bengaluru","125","0 4th Cross Road, Telecom Colony, Srinagar, Banashankari, Bengaluru","1/1/2018 - 1/31/2018, Every day, Daily Average",1220,823,1808
"89","0 Museum Road, Shanthala Nagar, Ashok Nagar, Bengaluru","126","300 Mysore Road, Muthachari Industrial Estate, Deepanjali Nagar, Bengaluru","1/1/2018 - 1/31/2018, Every day, Daily Average",1483,1019,2157
"89","0 Museum Road, Shanthala Nagar, Ashok Nagar, Bengaluru","127","0 11th C Cross Road, Vinayaka Nagar, Padarayana Pura, Bengaluru","1/1/2018 - 1/31/2018, Every day, Daily Average",1372,948,1984
"89","0 Museum Road, Shanthala Nagar, Ashok Nagar, Bengaluru","128","0 1st Main Road, Devaraj URS Nagar, Padarayana Pura, Bengaluru","1/1/2018 - 1/31/2018, Every day, Daily Average",1026,689,1527
"89","0 Museum Road, Shanthala Nagar, Ashok Nagar, Bengaluru","129","0 Chowdappa Road, Cobaley Colony, Azad Nagar, Bengaluru","1/1/2018 - 1/31/2018, Every day, Daily Average",1221,781,1908
"89","0 Museum Road, Shanthala Nagar, Ashok Nagar, Bengaluru","130","100 5th Cross Road, Anjanappa Gardens, Cottonpete, Bengaluru","1/1/2018 - 1/31/2018, Every day, Daily Average",1213,749,1963
"89","0 Museum Road, Shanthala Nagar, Ashok Nagar, Bengaluru","131","0 2nd Main Road, New Tharagupet, Bengaluru","1/1/2018 - 1/31/2018, Every day, Daily Average",850,541,1334
"89","0 Museum Road, Shanthala Nagar, Ashok Nagar, Bengaluru","132","100 7th Cross Road, Chamrajpet, Bengaluru","1/1/2018 - 1/31/2018, Every day, Daily Average",975,644,1475
"89","0 Museum Road, Shanthala Nagar, Ashok Nagar, Bengaluru","133","165, Vittal Nagar, Kasthuriba Nagar, Azad Nagar, Bengaluru","1/1/2018 - 1/31/2018, Every day, Daily Average",1062,714,1578
"89","0 Museum Road, Shanthala Nagar, Ashok Nagar, Bengaluru","134","3rd Cross Road, Sampangi Rama Nagar, Bengaluru","1/1/2018 - 1/31/2018, Every day, Daily Average",556,303,1020
"89","0 Museum Road, Shanthala Nagar, Ashok Nagar, Bengaluru","135","59, Kalasipalyam New Extension, Kalasipalya, Bengaluru","1/1/2018 - 1/31/2018, Every day, Daily Average",630,375,1055
"89","0 Museum Road, Shanthala Nagar, Ashok Nagar, Bengaluru","136","Vaibhav Apartments, Gandhi Bazaar Main Road, Gandhi Bazaar, Basavanagudi, Bengaluru","1/1/2018 - 1/31/2018, Every day, Daily Average",1319,899,1933
"89","0 Museum Road, Shanthala Nagar, Ashok Nagar, Bengaluru","137","0 KP Ramaiya Road, Upparahalli, Mavalli, Bengaluru","1/1/2018 - 1/31/2018, Every day, Daily Average",923,589,1444
"89","0 Museum Road, Shanthala Nagar, Ashok Nagar, Bengaluru","138","Raja Niwas, 7th Cross Road, Arekempanahalli, Mavalli, Bengaluru","1/1/2018 - 1/31/2018, Every day, Daily Average",961,622,1484
"89","0 Museum Road, Shanthala Nagar, Ashok Nagar, Bengaluru","139","0 16th Cross Road, Lakkasandra Extension, Wilson Garden, Bengaluru","1/1/2018 - 1/31/2018, Every day, Daily Average",685,415,1128
"89","0 Museum Road, Shanthala Nagar, Ashok Nagar, Bengaluru","140","Nimhans Campus Road, RBI Extension, Hombegowda Nagar, Bengaluru","1/1/2018 - 1/31/2018, Every day, Daily Average",1138,768,1684
"89","0 Museum Road, Shanthala Nagar, Ashok Nagar, Bengaluru","141","Ueda Priya House, Tara Subba Rao Road, Gavipura, Kempegowda Nagar, Bengaluru","1/1/2018 - 1/31/2018, Every day, Daily Average",1584,1090,2300
"89","0 Museum Road, Shanthala Nagar, Ashok Nagar, Bengaluru","142","12, Srinagar, Banashankari, Bengaluru","1/1/2018 - 1/31/2018, Every day, Daily Average",1701,1194,2421
"89","0 Museum Road, Shanthala Nagar, Ashok Nagar, Bengaluru","143","0 Subbarama Chetty Road, NR Colony, Basavanagudi, Bengaluru","1/1/2018 - 1/31/2018, Every day, Daily Average",1427,986,2065
"89","0 Museum Road, Shanthala Nagar, Ashok Nagar, Bengaluru","144","Mandhara Niwas, 1st phase Girinagar, Banashankari Stage I, Banashankari, Bengaluru","1/1/2018 - 1/31/2018, Every day, Daily Average",1905,1347,2694
"89","0 Museum Road, Shanthala Nagar, Ashok Nagar, Bengaluru","145","0 1st Cross Road, 4th Block, Banashankari 3rd Stage, Banashankari, Bengaluru","1/1/2018 - 1/31/2018, Every day, Daily Average",1939,1356,2772
"89","0 Museum Road, Shanthala Nagar, Ashok Nagar, Bengaluru","146","6th Cross Road, Ashok Nagar, Banashankari Stage I, Banashankari, Bengaluru","1/1/2018 - 1/31/2018, Every day, Daily Average",1691,1152,2481
"89","0 Museum Road, Shanthala Nagar, Ashok Nagar, Bengaluru","147","Sushma Nilayam, 6th Main Road, Hrushikesh Nagar, Dattatreya Nagar, Hosakerehalli, Bengaluru","1/1/2018 - 1/31/2018, Every day, Daily Average",2138,1499,3049
"89","0 Museum Road, Shanthala Nagar, Ashok Nagar, Bengaluru","148","BDA Shopping Complex, 24th Cross Road, Siddanna Layout, Banashankari Stage II, Banashankari, Bengaluru","1/1/2018 - 1/31/2018, Every day, Daily Average",1845,1299,2619
"89","0 Museum Road, Shanthala Nagar, Ashok Nagar, Bengaluru","149","300 6th Cross Road, 1st Block, 7th Block, Jayanagar, Bengaluru","1/1/2018 - 1/31/2018, Every day, Daily Average",1635,1139,2346
"89","0 Museum Road, Shanthala Nagar, Ashok Nagar, Bengaluru","150","30/2, Sakamma Garden, Jayanagar, Bengaluru","1/1/2018 - 1/31/2018, Every day, Daily Average",1314,915,1885
"89","0 Museum Road, Shanthala Nagar, Ashok Nagar, Bengaluru","151","200 4th Cross Road, Umarbagh Layout, Banashankari, Bengaluru","1/1/2018 - 1/31/2018, Every day, Daily Average",1986,1391,2833
"89","0 Museum Road, Shanthala Nagar, Ashok Nagar, Bengaluru","152","1700 Vyasaraya Ballal Road, Kumaraswamy Layout I Stage, Bengaluru","1/1/2018 - 1/31/2018, Every day, Daily Average",2164,1541,3038
"89","0 Museum Road, Shanthala Nagar, Ashok Nagar, Bengaluru","153","100 2nd Main Road, Rajathadri Kalayana Mantappa, Padmanabhanagar, Bengaluru","1/1/2018 - 1/31/2018, Every day, Daily Average",2170,1538,3060
"89","0 Museum Road, Shanthala Nagar, Ashok Nagar, Bengaluru","154","0 9th Cross Road, Rangadasapp Layout, Pukhraj Layout, Adugodi, Ad","1/1/2018 - 1/31/2018, Every day, Daily Average",858,529,1390
"89","0 Museum Road, Shanthala Nagar, Ashok Nagar, Bengaluru","155","900 Adugodi Main Road, Audugodi Police Quarters, Adugodi, Bengaluru","1/1/2018 - 1/31/2018, Every day, Daily Average",812,501,1314
"89","0 Museum Road, Shanthala Nagar, Ashok Nagar, Bengaluru","156","26, Gowda Muniswamy Garden, Ejipura, Bengaluru","1/1/2018 - 1/31/2018, Every day, Daily Average",1026,608,1729
"89","0 Museum Road, Shanthala Nagar, Ashok Nagar, Bengaluru","157","Prem Complex, Koramangala 3 Block, Koramangala, Bengaluru","1/1/2018 - 1/31/2018, Every day, Daily Average",1337,828,2158
"89","0 Museum Road, Shanthala Nagar, Ashok Nagar, Bengaluru","158","0 3rd Main Road, Bharathi Layout, Venkateshwara Layout, Suddagunte Palya, Bengaluru","1/1/2018 - 1/31/2018, Every day, Daily Average",1229,777,1941
"89","0 Museum Road, Shanthala Nagar, Ashok Nagar, Bengaluru","159","0 34th Main Road, 1st Phase, JP Nagar, Bengaluru","1/1/2018 - 1/31/2018, Every day, Daily Average",2002,1367,2930
"89","0 Museum Road, Shanthala Nagar, Ashok Nagar, Bengaluru","160","0 8th Cross Road, Teacher's Colony, Jakkasandra, 1st Block Koramangala, HSR Layout 5th Sector, Bengaluru","1/1/2018 - 1/31/2018, Every day, Daily Average",1756,1079,2855
"89","0 Museum Road, Shanthala Nagar, Ashok Nagar, Bengaluru","161","1100 16th Main Road, MCHS Colony, Stage 2, BTM 2nd Stage, Bengaluru","1/1/2018 - 1/31/2018, Every day, Daily Average",1659,1055,2608
"89","0 Museum Road, Shanthala Nagar, Ashok Nagar, Bengaluru","162","Raghva Niwas, 38th Cross Road, 4th T Block East, Pattabhirama Nagar, Jayanagar, Bengaluru","1/1/2018 - 1/31/2018, Every day, Daily Average",1512,1059,2158
"89","0 Museum Road, Shanthala Nagar, Ashok Nagar, Bengaluru","163","100 16 A Main Road, Canara Bank Colony, Jayanagar 3rd Block East, Jayanagar, Bengaluru","1/1/2018 - 1/31/2018, Every day, Daily Average",1356,949,1936
"89","0 Museum Road, Shanthala Nagar, Ashok Nagar, Bengaluru","164","725-44, TMC Layout, 1st Phase, JP Nagar, Bengaluru","1/1/2018 - 1/31/2018, Every day, Daily Average",1724,1211,2453
"89","0 Museum Road, Shanthala Nagar, Ashok Nagar, Bengaluru","165","State Highway 35, Devasthanagalu, Gunjur Village, Bengaluru","1/1/2018 - 1/31/2018, Every day, Daily Average",2157,1434,3242
"89","0 Museum Road, Shanthala Nagar, Ashok Nagar, Bengaluru","166","Bellandur - Doddakannelli Road, Adarsh Palm Retreat, Bellandur, Bengaluru","1/1/2018 - 1/31/2018, Every day, Daily Average",1930,1139,3268
"89","0 Museum Road, Shanthala Nagar, Ashok Nagar, Bengaluru","167","300 5B Road, Shivaji Nagar, Basavanna Nagar, Whitefield, Bengaluru","1/1/2018 - 1/31/2018, Every day, Daily Average",2736,1843,4059
"89","0 Museum Road, Shanthala Nagar, Ashok Nagar, Bengaluru","168","Patalamma Layout, V S Reddy Colony, Kadugodi, Bengaluru","1/1/2018 - 1/31/2018, Every day, Daily Average",3228,2261,4607
"89","0 Museum Road, Shanthala Nagar, Ashok Nagar, Bengaluru","169","M4, Phase 1, Whitefield, Bengaluru","1/1/2018 - 1/31/2018, Every day, Daily Average",2773,1874,4101
"89","0 Museum Road, Shanthala Nagar, Ashok Nagar, Bengaluru","170","Shriram Spurthi, Road, Sri Nivasa Reddy Layout, AECS Layout, Brookefield, Bengaluru","1/1/2018 - 1/31/2018, Every day, Daily Average",2195,1469,3278
"89","0 Museum Road, Shanthala Nagar, Ashok Nagar, Bengaluru","171","2200 15th B Cross Road, Vanganahalli, 1st Sector, HSR Layout, Bengaluru","1/1/2018 - 1/31/2018, Every day, Daily Average",2048,1293,3241
"89","0 Museum Road, Shanthala Nagar, Ashok Nagar, Bengaluru","172","200 4th A Main Road, Roopena Agrahara, Bommanahalli, Bengaluru","1/1/2018 - 1/31/2018, Every day, Daily Average",2102,1273,3469
"89","0 Museum Road, Shanthala Nagar, Ashok Nagar, Bengaluru","173","Raj Kumar Statue Road, Jarganahalli, JP Nagar Phase 6, JP Nagar, Bengaluru","1/1/2018 - 1/31/2018, Every day, Daily Average",2228,1545,3212
"89","0 Museum Road, Shanthala Nagar, Ashok Nagar, Bengaluru","174","0 5th Cross Road, 5th Phase, T Muniyappa Layout, Sahyadri Layout, Bengaluru","1/1/2018 - 1/31/2018, Every day, Daily Average",2066,1361,3135
"89","0 Museum Road, Shanthala Nagar, Ashok Nagar, Bengaluru","175","100 Devarachikkanahalli Road, Shanbogh Naggappa Layout, Vijaya Bank Layout, Bilekahalli, Bengaluru","1/1/2018 - 1/31/2018, Every day, Daily Average",1850,1184,2888
"89","0 Museum Road, Shanthala Nagar, Ashok Nagar, Bengaluru","176","0 2nd Cross Road, Hongasandra, Bengaluru","1/1/2018 - 1/31/2018, Every day, Daily Average",2058,1259,3363
"89","0 Museum Road, Shanthala Nagar, Ashok Nagar, Bengaluru","177","100 11th Main Road, Hosapalaya, Muneshwara Nagar, Bengaluru","1/1/2018 - 1/31/2018, Every day, Daily Average",2168,1350,3479
"89","0 Museum Road, Shanthala Nagar, Ashok Nagar, Bengaluru","178","Unnamed Road, Sai Meadows, Parappana Agrahara, Bengaluru","1/1/2018 - 1/31/2018, Every day, Daily Average",2280,1448,3587
"89","0 Museum Road, Shanthala Nagar, Ashok Nagar, Bengaluru","179","100 Hulimavu Lake Road, Krishna Layout, Hulimavu, Bengaluru","1/1/2018 - 1/31/2018, Every day, Daily Average",2285,1486,3511
"89","0 Museum Road, Shanthala Nagar, Ashok Nagar, Bengaluru","180","4th Cross Road, Jayanagar housing society layout, Subramanyapura, Bengaluru","1/1/2018 - 1/31/2018, Every day, Daily Average",2512,1787,3529
"89","0 Museum Road, Shanthala Nagar, Ashok Nagar, Bengaluru","181","300 9th Cross Road, Prathiba Industrial Estate, Kumaraswamy Layout, Bengaluru","1/1/2018 - 1/31/2018, Every day, Daily Average",2283,1590,3277
"89","0 Museum Road, Shanthala Nagar, Ashok Nagar, Bengaluru","182","469/2, Begur, Bengaluru","1/1/2018 - 1/31/2018, Every day, Daily Average",2389,1562,3652
"89","0 Museum Road, Shanthala Nagar, Ashok Nagar, Bengaluru","183","1st G Cross, Royal Lake Front Phase1 and 2, Gottigere, Bengaluru","1/1/2018 - 1/31/2018, Every day, Daily Average",2652,1783,3944
"89","0 Museum Road, Shanthala Nagar, Ashok Nagar, Bengaluru","184","0 1st Main Road, Sheryas Colony, 8th Phase, JP Nagar, Bengaluru","1/1/2018 - 1/31/2018, Every day, Daily Average",2517,1715,3693
"89","0 Museum Road, Shanthala Nagar, Ashok Nagar, Bengaluru","185","Anjanapura 80 Feet Road, Anjanapura Village, Anjanapura Township, Bengaluru","1/1/2018 - 1/31/2018, Every day, Daily Average",2971,2131,4140
"89","0 Museum Road, Shanthala Nagar, Ashok Nagar, Bengaluru","186","NITTE Meenakshi College Road, BSF Campus, Yelahanka, Bengaluru","1/1/2018 - 1/31/2018, Every day, Daily Average",1842,1262,2687
"89","0 Museum Road, Shanthala Nagar, Ashok Nagar, Bengaluru","187","0 Kithaganur Main Road, Thambu Chetty Palya, Battarahalli, Bengaluru","1/1/2018 - 1/31/2018, Every day, Daily Average",2097,1391,3159
"89","0 Museum Road, Shanthala Nagar, Ashok Nagar, Bengaluru","188","300 8th A Cross Road, Health Layout, Chandrashekhara Layout, Annapurneshwari Nagar, Bengaluru","1/1/2018 - 1/31/2018, Every day, Daily Average",2147,1529,3014
"89","0 Museum Road, Shanthala Nagar, Ashok Nagar, Bengaluru","189","400 East End Main Road, Corporation Colony, Jayanagara 9th Block, Jayanagar, Bengaluru","1/1/2018 - 1/31/2018, Every day, Daily Average",1382,903,2114
"89","0 Museum Road, Shanthala Nagar, Ashok Nagar, Bengaluru","190","0 F Cross Road, Krishnappa Garden, 1st Stage, BTM Layout, Bengaluru","1/1/2018 - 1/31/2018, Every day, Daily Average",1333,858,2068
"89","0 Museum Road, Shanthala Nagar, Ashok Nagar, Bengaluru","191","500 1st Main Road, Bhuvaneshwari Nagar, Banashankari, Bengaluru","1/1/2018 - 1/31/2018, Every day, Daily Average",2156,1494,3110
"89","0 Museum Road, Shanthala Nagar, Ashok Nagar, Bengaluru","192","0 1st Main Road, Kuvempu Nagar, Konanakunte, Bengaluru","1/1/2018 - 1/31/2018, Every day, Daily Average",2452,1746,3443
"89","0 Museum Road, Shanthala Nagar, Ashok Nagar, Bengaluru","193","100 4th Cross Road, 3rd Phase, JP Nagar, Bengaluru","1/1/2018 - 1/31/2018, Every day, Daily Average",1667,1089,2550
"89","0 Museum Road, Shanthala Nagar, Ashok Nagar, Bengaluru","194","0 1st B Cross Road, Cashier Layout, 1st Stage, BTM Layout, Bengaluru","1/1/2018 - 1/31/2018, Every day, Daily Average",1785,1093,2914
"89","0 Museum Road, Shanthala Nagar, Ashok Nagar, Bengaluru","195","Kalkere-Agara Main Road, Horamavu Agara, Kalkere, Bengaluru","1/1/2018 - 1/31/2018, Every day, Daily Average",2432,1649,3584
"89","0 Museum Road, Shanthala Nagar, Ashok Nagar, Bengaluru","196","0 Horamavu Agara Main Road, 1st Block, Mallappa Layout, Prakruthi Township, Bengaluru","1/1/2018 - 1/31/2018, Every day, Daily Average",2222,1526,3235
"89","0 Museum Road, Shanthala Nagar, Ashok Nagar, Bengaluru","197","0 3rd Cross Road, Manjunatha Layout, Marathahalli Village, Marathahalli, Bengaluru","1/1/2018 - 1/31/2018, Every day, Daily Average",1909,1273,2862
"89","0 Museum Road, Shanthala Nagar, Ashok Nagar, Bengaluru","198","BGS Road, Kodipalya, Bengaluru","1/1/2018 - 1/31/2018, Every day, Daily Average",2323,1687,3197